entry_z,exit_z,sample_start,sample_end,n_sessions,total_gross_pnl_usd,total_net_pnl_usd,total_return_pct,annualized_return_pct,annualized_vol_pct,sharpe_gross,sharpe_net,max_drawdown_pct,calmar_net,n_round_trip_trades,hit_rate,avg_holding_sessions,annualized_turnover,pct_time_in_market,cost_transaction_bps,cost_financing_bps_per_day
0.5,0.0,2014-12-31,2026-06-30,2894,103268.4230280864,82108.6381972767,0.6369600509718003,0.0554643859173786,0.19323106865177167,0.3610192340411665,0.2870365842530886,-0.3999175849794516,0.1386895400466785,114,0.868421052631579,20.289473684210527,19.766413268832068,0.7992398064961991,2.0,0.5
0.5,0.25,2014-12-31,2026-06-30,2894,109744.12507686249,88021.75976429656,0.6828312564554682,0.059458699594601934,0.19269813210998832,0.3847136650211031,0.30855877503090734,-0.3893794120779944,0.15270119002257904,152,0.875,13.730263157894736,26.384243261921217,0.721147201105736,2.0,0.5
0.75,0.0,2014-12-31,2026-06-30,2894,105686.11291237024,87001.48044390687,0.6749164111701345,0.058769500903550057,0.19275443453203925,0.3703707762677179,0.30489311981967154,-0.39362920432089277,0.14930167847922235,95,0.8842105263157894,21.57894736842105,16.45749827228749,0.7083621285418107,2.0,0.5
0.75,0.25,2014-12-31,2026-06-30,2894,108530.50063487684,90064.42480823971,0.69867728750743,0.060838519852063705,0.19224255007414792,0.3813508849811971,0.31646750331078266,-0.3861564651375343,0.1575488832755793,116,0.8793103448275862,16.0,20.1147201105736,0.6413268832066344,2.0,0.5
0.75,0.5,2014-12-31,2026-06-30,2894,106239.73306194568,87364.09977774005,0.6777294407664456,0.059014450267154205,0.19179614666785505,0.374159728962382,0.307693617898138,-0.38801651779219326,0.15209262379587685,149,0.8859060402684564,11.020134228187919,25.861782999308915,0.5673807878369039,2.0,0.5
1.0,0.0,2014-12-31,2026-06-30,2894,95863.561702908,79724.95523001843,0.6184685638681231,0.05385420804933208,0.19209689650258852,0.33709643688302643,0.2803491833019093,-0.4154462466219502,0.12962978601257794,74,0.8783783783783784,24.324324324324323,12.800276434001383,0.6219765031098825,2.0,0.5
1.0,0.25,2014-12-31,2026-06-30,2894,100498.02568059474,84910.19110114255,0.658693175763849,0.05735683493175188,0.19158311363797143,0.3543389643686605,0.2993835617482305,-0.3982810237104205,0.14401096591901527,87,0.8850574712643678,18.50574712643678,15.064270905321354,0.5563234277816171,2.0,0.5
1.0,0.5,2014-12-31,2026-06-30,2894,94486.2494409868,79788.66422402867,0.618962788166115,0.05389724347541845,0.19116464405129735,0.3338638493936621,0.28194148422631754,-0.4004435904996585,0.1345938473085997,100,0.89,13.74,17.41534208707671,0.474775397373877,2.0,0.5
1.0,0.75,2014-12-31,2026-06-30,2894,98160.6556108782,83024.8430428253,0.6440675356157315,0.05608328229964213,0.19086830014000014,0.3473795628251927,0.29383235591507634,-0.39555737571392635,0.14178292642987522,128,0.90625,9.4921875,22.29163787145819,0.4198341395991707,2.0,0.5
1.25,0.0,2014-12-31,2026-06-30,2894,93203.74498885871,78593.0285931766,0.609687611411369,0.05308959159490843,0.19176276533382883,0.3283094373003424,0.2768503650981867,-0.41959918902702387,0.12652453337198716,63,0.8888888888888888,26.238095238095237,10.884588804422943,0.5711817553559088,2.0,0.5
1.25,0.25,2014-12-31,2026-06-30,2894,99026.13811780632,85560.75233308299,0.6637399226659404,0.05779628905038597,0.19112458221021242,0.34998194656267334,0.3024011269613529,-0.4018834315275679,0.14381356511937052,73,0.9178082191780822,18.958904109589042,12.626123013130615,0.4782308223911541,2.0,0.5
1.25,0.5,2014-12-31,2026-06-30,2894,89193.30891982859,76612.3763117654,0.5943226460943954,0.05175166095915261,0.19065167471350072,0.31600266647487923,0.27144613881268936,-0.41132518662469864,0.125816902640518,80,0.925,14.9125,13.932273669661368,0.412232204561161,2.0,0.5
1.25,0.75,2014-12-31,2026-06-30,2894,87192.99586331267,75148.18720589175,0.5829641582667339,0.050762601203599496,0.19031865489205443,0.30945624021035834,0.26672425376477776,-0.41691262068743584,0.12175837018293768,90,0.9111111111111111,11.488888888888889,15.67380787836904,0.35729094678645473,2.0,0.5
1.25,1.0,2014-12-31,2026-06-30,2894,83998.38796008604,71867.99932458687,0.5575180092872183,0.04854683425721458,0.19008003072244736,0.29849336894177597,0.2554020749717897,-0.40996664457766496,0.11841654656374798,108,0.9074074074074074,8.435185185185185,18.808569454042846,0.3147892190739461,2.0,0.5
1.5,0.0,2014-12-31,2026-06-30,2894,89075.86935298305,75988.3062231778,0.5894814049757487,0.05133010160811634,0.19135994523560532,0.3144207784921631,0.2682384839989264,-0.4235293392522179,0.12119609399137403,54,0.8888888888888888,28.01851851851852,9.404284727021423,0.5228058051140291,2.0,0.5
1.5,0.25,2014-12-31,2026-06-30,2894,94860.29397025917,82868.2728585549,0.642852938044232,0.05597751913861316,0.19074054369758478,0.3359241392638266,0.293474675354624,-0.4079775821250189,0.13720734077359095,62,0.9193548387096774,20.338709677419356,10.79751209398756,0.43572909467864546,2.0,0.5
1.5,0.5,2014-12-31,2026-06-30,2894,85191.61140104191,74344.42627322914,0.576728960413277,0.05021966068560671,0.19028400814141982,0.30240078387533637,0.26391950209648335,-0.41451186954742314,0.12115373376506224,67,0.9104477611940298,15.746268656716419,11.668279198341397,0.3645473393227367,2.0,0.5
1.5,0.75,2014-12-31,2026-06-30,2894,88156.35400611625,77894.99026026165,0.6042725595742466,0.05261806669409473,0.19003340402051877,0.3133336035857158,0.27688851318167895,-0.4158576548870997,0.1265290324122563,75,0.92,12.066666666666666,13.061506565307532,0.3127159640635798,2.0,0.5
1.5,1.0,2014-12-31,2026-06-30,2894,85356.13629103731,75733.51240815045,0.5875048348490199,0.05115798838353594,0.18977625056689582,0.30379298972718327,0.26957002380813105,-0.4106665523890398,0.12457305832658137,82,0.9146341463414634,9.329268292682928,14.280580511402903,0.2643400138217001,2.0,0.5
1.5,1.25,2014-12-31,2026-06-30,2894,80464.46708219998,70674.94419071882,0.5482628508098004,0.04774092550244288,0.18932405282983297,0.2870662160364527,0.25216513585494116,-0.41629229220861574,0.11468126217075998,98,0.9081632653061225,6.755102040816326,17.067035245335177,0.22874913614374567,2.0,0.5
1.75,0.0,2014-12-31,2026-06-30,2894,85723.21175162257,74149.58345433741,0.5752174618112106,0.05008804435951108,0.19100149841045203,0.3031543390550036,0.2622390126588146,-0.42374334423079185,0.11820373120062654,44,0.9318181818181818,30.272727272727273,7.662750518313753,0.46026261230131305,2.0,0.5
1.75,0.25,2014-12-31,2026-06-30,2894,87575.47511000477,77199.74670255286,0.5988791882837373,0.052148429663960535,0.1902701974657481,0.310892636597795,0.2740756585032091,-0.41161669895615416,0.1266917250835721,49,0.9387755102040817,22.551020408163264,8.533517622667588,0.3818244644091223,2.0,0.5
1.75,0.5,2014-12-31,2026-06-30,2894,78239.75150933063,68858.73765709758,0.5341735779679928,0.046514077970951695,0.18989977424798382,0.27828595073617945,0.2449401435844284,-0.4226550424678842,0.11005210703119934,53,0.9245283018867925,17.471698113207548,9.230131306150657,0.3199723565998618,2.0,0.5
1.75,0.75,2014-12-31,2026-06-30,2894,78260.8487593934,70086.12972727735,0.5436951061865672,0.047343181326542826,0.18952302735232482,0.2789125651905194,0.24980173643243617,-0.42196364777126827,0.11219729845592269,56,0.9107142857142857,12.928571428571429,9.752591568762957,0.25017277125086385,2.0,0.5
1.75,1.0,2014-12-31,2026-06-30,2894,74484.24626260773,66872.65297545557,0.5187664706547094,0.04517247774878602,0.1893031143756778,0.2657630897425661,0.23862511664303565,-0.4170707748306882,0.10830890216923973,60,0.9,10.35,10.449205252246026,0.21458189357290947,2.0,0.5
1.75,1.25,2014-12-31,2026-06-30,2894,74361.95094073834,66747.50873821556,0.517795660743824,0.045087942815288065,0.1889939735546543,0.2657586833149371,0.2385681509693709,-0.4188211644897606,0.10765440392731247,68,0.8970588235294118,8.147058823529411,11.842432619212163,0.19143054595715273,2.0,0.5
1.75,1.5,2014-12-31,2026-06-30,2894,66372.82243992649,59022.924747414,0.4578719849827503,0.039869986252817236,0.1888440698384993,0.23739793269929307,0.21112649333873348,-0.4238806960602204,0.09405945263228722,73,0.8767123287671232,6.506849315068493,12.713199723566,0.16413268832066344,2.0,0.5
2.0,0.0,2014-12-31,2026-06-30,2894,85788.98640204073,75997.37375553444,0.5895517466109151,0.05133622672631327,0.19038754217667325,0.3043476612057195,0.26964068204985275,-0.42047395622617256,0.12209133518533444,39,0.9230769230769231,28.743589743589745,6.791983413959917,0.3873531444367657,2.0,0.5
2.0,0.25,2014-12-31,2026-06-30,2894,86903.7197834227,78393.80078323172,0.6081420961189025,0.05295501320731286,0.18968087553696042,0.3094490555624152,0.2791795064072987,-0.4079141466680125,0.1298190161823712,42,0.9523809523809523,21.428571428571427,7.3144436765722185,0.31098825155494125,2.0,0.5
2.0,0.5,2014-12-31,2026-06-30,2894,79071.86664976258,71284.77448905139,0.5529936263583706,0.04815286587502052,0.18937628445570165,0.2820078327162569,0.2542708344575442,-0.41652262221376746,0.11560684415913318,45,0.9111111111111111,17.177777777777777,7.83690393918452,0.2671043538355218,2.0,0.5
2.0,0.75,2014-12-31,2026-06-30,2894,75805.80232149539,69061.24068726834,0.5357445008727133,0.046650868769842355,0.18910276071141707,0.27074989762064927,0.24669586310817837,-0.41968082237231574,0.11115797120807319,46,0.9130434782608695,13.391304347826088,8.011057360055286,0.2128541810642709,2.0,0.5
2.0,1.0,2014-12-31,2026-06-30,2894,71123.84033029577,64960.58995664902,0.5039335884554682,0.04388087916060055,0.18893108798352623,0.2542587821488307,0.23225864853129274,-0.4196891019612502,0.10455567932438728,47,0.8936170212765957,11.23404255319149,8.185210780926054,0.1824464409122322,2.0,0.5
2.0,1.25,2014-12-31,2026-06-30,2894,68430.38072687594,62518.7213162216,0.48499072436927915,0.04223139686975064,0.18862894513777578,0.2450189647521398,0.22388608937458962,-0.4268379386608786,0.0989401199955268,51,0.9019607843137255,8.882352941176471,8.881824464409123,0.15653075328265376,2.0,0.5
2.0,1.5,2014-12-31,2026-06-30,2894,65420.50556615904,59634.655600391634,0.4626175041369893,0.04028321045007647,0.18851498436674322,0.2343826451426166,0.2136870476657081,-0.42528765888574616,0.09471991394158602,55,0.8909090909090909,7.181818181818182,9.578438147892191,0.13648928818244643,2.0,0.5
2.25,0.0,2014-12-31,2026-06-30,2894,83360.3173489261,75417.76150642578,0.5850553884220349,0.05094469864628638,0.19000899617952016,0.2963172228204042,0.2681172979733756,-0.4213148931325742,0.12091834273291575,33,0.9090909090909091,25.818181818181817,5.747062888735314,0.29440221147201107,2.0,0.5
2.25,0.25,2014-12-31,2026-06-30,2894,81967.12404468833,75198.50583681799,0.5833545064496205,0.05079659143928969,0.1894013950404532,0.2922977295467091,0.2681954450675526,-0.4169433755277747,0.12183091139172175,35,0.9428571428571428,18.942857142857143,6.095369730476849,0.2290946786454734,2.0,0.5
2.25,0.5,2014-12-31,2026-06-30,2894,72698.27417126416,66658.72354252441,0.5171069071118723,0.04502796841471728,0.18909327885377178,0.2596618266914082,0.2381256948298939,-0.42460494527355885,0.1060467357150239,36,0.8888888888888888,15.416666666666666,6.269523151347616,0.19177608845888044,2.0,0.5
2.25,0.75,2014-12-31,2026-06-30,2894,69682.54627817999,64260.884910194196,0.49850560704157276,0.04340822839477413,0.18890264721907585,0.24914141110771254,0.22979153036660394,-0.426883074323392,0.10168645937432867,36,0.8888888888888888,13.38888888888889,6.269523151347616,0.16655148583275742,2.0,0.5
2.25,1.0,2014-12-31,2026-06-30,2894,66551.67660576083,61573.25462906125,0.47765624017287983,0.041592734113187875,0.18877625327894976,0.23810693673686945,0.22032821072959524,-0.42578929269061006,0.09768384228348898,37,0.918918918918919,11.297297297297296,6.443676572218383,0.14443676572218384,2.0,0.5
2.25,1.25,2014-12-31,2026-06-30,2894,62862.56289879577,58094.44776562831,0.4506692988996681,0.03924280004240372,0.18849078361110716,0.2252476925450296,0.2081947949421718,-0.43658802839588606,0.08988519494359434,39,0.8974358974358975,9.384615384615385,6.791983413959917,0.12646855563234277,2.0,0.5
2.25,1.5,2014-12-31,2026-06-30,2894,57720.60520000621,53271.531046141834,0.4132553879284989,0.035984919750512004,0.18836652193263867,0.20696028224181734,0.19103670536200948,-0.4407656808936764,0.0816418367182096,39,0.8461538461538461,8.025641025641026,6.791983413959917,0.10815480304077402,2.0,0.5
2.5,0.0,2014-12-31,2026-06-30,2894,75276.1246017037,68222.43518834068,0.529237443819,0.04608425564698963,0.18923960043488097,0.26866401317829497,0.24352331933213758,-0.4316572604981551,0.10676121975524282,28,0.8928571428571429,27.5,4.876295784381479,0.26606772633033865,2.0,0.5
2.5,0.25,2014-12-31,2026-06-30,2894,73804.22288394062,67834.05206636272,0.5262245509175577,0.04582190284423793,0.18871418385407424,0.2641425900464577,0.24281112266405117,-0.423335306101425,0.10824021097181925,29,0.9310344827586207,20.724137931034484,5.050449205252246,0.20767104353835522,2.0,0.5
2.5,0.5,2014-12-31,2026-06-30,2894,66911.95459427623,61661.498253396036,0.47834079254992906,0.04165234268230205,0.1884809073136412,0.23976645606299343,0.22098971867209116,-0.4312358546517534,0.09658831062630124,30,0.8666666666666667,16.466666666666665,5.224602626123013,0.17069799585349,2.0,0.5
2.5,0.75,2014-12-31,2026-06-30,2894,64372.15203520153,59718.04639262371,0.46326441053364764,0.040339540931057086,0.18829159436289866,0.2308973698145412,0.2142397331519206,-0.43416471322075556,0.09291298832603659,30,0.8666666666666667,14.133333333333333,5.224602626123013,0.1465100207325501,2.0,0.5
2.5,1.0,2014-12-31,2026-06-30,2894,61321.71843181254,57045.56613788631,0.4425325704172794,0.038534280492451424,0.18817167356857686,0.22009621035212762,0.2047825783853066,-0.43245754159135985,0.08910534974289672,31,0.9032258064516129,11.903225806451612,5.39875604699378,0.12750518313752593,2.0,0.5
2.5,1.25,2014-12-31,2026-06-30,2894,58459.881918768195,54449.14290593198,0.42239074477651695,0.03678039657349076,0.1880743004326796,0.2099332030566975,0.19556311781500504,-0.4414278133864432,0.08332142981958357,31,0.8709677419354839,10.548387096774194,5.39875604699378,0.11299239806496199,2.0,0.5
2.5,1.5,2014-12-31,2026-06-30,2894,53818.36951270116,50085.54863358653,0.38854004050036683,0.03383278859920264,0.1879536302758514,0.19338995162571054,0.18000603951915017,-0.44531120219603104,0.07597560634531055,31,0.8387096774193549,9.03225806451613,5.39875604699378,0.0967519004837595,2.0,0.5
2.75,0.0,2014-12-31,2026-06-30,2894,72110.55661590316,66004.80893905844,0.5120341463366399,0.044586249093584406,0.1889536312556642,0.2577565523236254,0.23596397061698632,-0.43997355797851534,0.10133847429022456,25,0.88,25.88,4.353835521769177,0.22356599861783,2.0,0.5
2.75,0.25,2014-12-31,2026-06-30,2894,68894.90251235795,63984.55390122155,0.49636196153210255,0.04322156679546988,0.18841116432998142,0.24697039700252002,0.22940024254492725,-0.43053384051542165,0.10039063768768182,25,0.92,18.88,4.353835521769177,0.1630960608154803,2.0,0.5
2.75,0.5,2014-12-31,2026-06-30,2894,60327.566871769726,55817.444096024854,0.4330053794230241,0.03770468404098206,0.1882197683011631,0.21647981442045294,0.20032265676075148,-0.438707954619731,0.08594483789030956,25,0.84,16.6,4.353835521769177,0.14340013821700068,2.0,0.5
2.75,0.75,2014-12-31,2026-06-30,2894,57787.76431269503,53873.992235252554,0.41792899740674283,0.03639188228973711,0.18803008301911922,0.20757514703388438,0.1935428719990339,-0.4417214079039006,0.08238650343533815,25,0.84,13.8,4.353835521769177,0.11921216309606082,2.0,0.5
2.75,1.0,2014-12-31,2026-06-30,2894,56960.920722163384,53302.1410659831,0.4134928460111856,0.03600559681921865,0.18793156826140262,0.20471284008537685,0.19158887009944392,-0.4364541247107929,0.08249571897866012,26,0.8846153846153846,11.73076923076923,4.5279889426399444,0.10539046302695232,2.0,0.5
2.75,1.25,2014-12-31,2026-06-30,2894,55596.02989913898,52196.16761593826,0.40491322612488984,0.03525851174273401,0.18787125128765145,0.19987170598116857,0.18767380054731936,-0.4406251108706708,0.08001929729575227,26,0.8846153846153846,10.192307692307692,4.5279889426399444,0.09156876295784382,2.0,0.5
2.75,1.5,2014-12-31,2026-06-30,2894,52139.35050830099,48959.994127120495,0.3798085200227331,0.033072476518911105,0.1877668330765796,0.18754946148879098,0.17613588074642925,-0.4432570382862653,0.07461241145042385,26,0.8846153846153846,8.807692307692308,4.5279889426399444,0.07912923289564616,2.0,0.5
3.0,0.0,2014-12-31,2026-06-30,2894,64963.90553501449,60011.9523471662,0.4655443941735725,0.040538074406268235,0.18839175748176987,0.2329031009045031,0.215179660448738,-0.42750416770566657,0.09482498059335505,20,0.9,26.3,3.483068417415342,0.18175535590877678,2.0,0.5
3.0,0.25,2014-12-31,2026-06-30,2894,62542.46755735865,58705.17887902702,0.4554070625462391,0.03965534891556747,0.18786035873809656,0.22485540135102836,0.21108949850805156,-0.42100346150831525,0.0941924533672373,20,0.9,18.15,3.483068417415342,0.12543192812715964,2.0,0.5
3.0,0.5,2014-12-31,2026-06-30,2894,54973.696404755734,51454.460185709104,0.3991594100473435,0.03475748836625106,0.18768022218059988,0.1978345461510604,0.1851952643832914,-0.42798615480577784,0.08121171205181667,20,0.9,15.9,3.483068417415342,0.10988251554941257,2.0,0.5
3.0,0.75,2014-12-31,2026-06-30,2894,52677.03856581588,49678.75989665253,0.3853843655275377,0.033558002803365405,0.18749263815537617,0.18975923475489223,0.17898304239314033,-0.4296966530266473,0.07809696111662368,20,0.9,13.0,3.483068417415342,0.08984105044920525,2.0,0.5
3.0,1.0,2014-12-31,2026-06-30,2894,49859.90283179409,47075.57881125597,0.3651901156502085,0.03179955395433744,0.18743902701907134,0.1796627520766226,0.16965279035033579,-0.4342724060843607,0.07322490102712198,20,0.9,11.7,3.483068417415342,0.08085694540428473,2.0,0.5
3.0,1.25,2014-12-31,2026-06-30,2894,49004.94004599966,46428.28553207435,0.36016871998279254,0.03136230733782437,0.18738016871590463,0.17663748651914532,0.16737260699863155,-0.4369473068242792,0.07177594837639518,20,0.9,10.1,3.483068417415342,0.06979958534899793,2.0,0.5
3.0,1.5,2014-12-31,2026-06-30,2894,46357.57426869313,43964.713757727586,0.341057493229885,0.02969816457979648,0.1872818181129599,0.16718324642870766,0.15857473447787598,-0.4389334281384747,0.0676598378613973,20,0.9,8.6,3.483068417415342,0.05943331029716655,2.0,0.5
